TransactionID,TransactionAmount,TransactionTime,MerchantCategory,CustomerAge,CustomerGender,CustomerIncome,TransactionLocation,PreviousFraudCount,Fraud
1,2748.58,14.23,Travel,77,Female,37407,Suburban,1,1
2,3578.79,0.24,Travel,34,Male,197616,Suburban,0,0
3,3017.79,11.42,Travel,43,Female,114748,Urban,3,1
4,2728.97,17.01,Travel,75,Female,96347,Rural,4,1
5,2124.04,1.06,Online,48,Male,151085,Suburban,3,1
6,3233.01,21.11,Retail,45,Female,95169,Urban,3,1
7,2193.56,12.48,Online,29,Female,121018,Rural,5,1
8,4459.95,0.74,Restaurant,58,Male,71277,Suburban,4,0
9,4818.68,5.39,Retail,18,Female,109674,Rural,3,1
10,1923.37,22.89,Retail,51,Male,113690,Rural,2,1
11,3960.71,13.98,Retail,43,Female,104567,Suburban,5,1
12,2649.19,2.58,Restaurant,70,Male,95989,Urban,1,1
13,2844.54,6.9,Online,32,Female,38011,Urban,1,1
14,4628.73,10.96,Retail,66,Male,184407,Urban,1,1
15,364.47,0.5,Retail,52,Female,145436,Rural,5,1
16,444.78,9.88,Travel,70,Female,136821,Rural,3,1
17,110.89,11.75,Restaurant,58,Female,183551,Rural,4,1
18,4164.77,5.85,Travel,68,Male,169990,Suburban,3,1
19,3893,14.13,Travel,68,Female,32754,Suburban,1,0
20,4351.36,18.08,Online,61,Male,98427,Suburban,4,1
21,4893.31,5.66,Travel,73,Male,91421,Rural,1,0
22,3997.8,14.89,Restaurant,56,Male,65530,Suburban,1,0
23,2312.78,15.35,Restaurant,37,Female,33591,Suburban,2,0
24,3904.84,22.76,Retail,60,Female,105191,Rural,2,1
25,600.19,18.68,Online,52,Female,137645,Rural,3,1
26,3203.21,20.36,Retail,56,Male,98612,Rural,2,1
27,725.33,11.77,Travel,39,Female,181738,Urban,4,1
28,4723.9,4.45,Retail,38,Male,73667,Suburban,0,0
29,2614.02,23.9,Restaurant,44,Male,162021,Suburban,4,1
30,2079.16,3.1,Restaurant,53,Female,185270,Rural,1,1
31,1330.13,11.31,Travel,45,Male,182465,Rural,5,1
32,3873.43,1.63,Retail,21,Male,117567,Urban,1,1
33,2286.19,22.65,Restaurant,43,Male,182284,Suburban,5,1
34,2846.49,23.16,Restaurant,78,Female,150846,Rural,2,1
35,103.76,17.27,Online,25,Male,33485,Urban,1,1
36,3092,8.4,Retail,22,Female,172706,Suburban,0,1
37,3064.36,6.11,Retail,22,Male,62770,Rural,3,1
38,3088.5,6.37,Online,71,Male,100208,Suburban,3,1
39,4719.3,3.06,Restaurant,27,Female,176259,Urban,4,0
40,3412.28,12.62,Online,22,Male,73247,Suburban,5,1
41,1803.94,3.4,Online,51,Male,73064,Urban,3,1
42,2190.79,7.6,Online,67,Female,158620,Rural,2,1
43,3491.18,15.04,Restaurant,28,Female,142842,Urban,2,1
44,310.53,17.46,Travel,41,Male,113065,Rural,1,1
45,3337.17,0.58,Travel,75,Male,120383,Urban,2,1
46,3356.48,10.32,Travel,66,Male,29265,Suburban,2,0
47,1059.81,15.65,Online,50,Male,174731,Rural,3,1
48,653.34,20.48,Travel,31,Male,109903,Urban,5,1
49,1583.99,11.41,Retail,39,Male,39328,Suburban,0,0
50,1824.92,23.26,Travel,46,Female,69069,Suburban,1,0
51,2855.28,6.38,Restaurant,41,Male,192924,Urban,4,0
52,2198.62,0.32,Online,66,Female,95574,Suburban,3,1
53,4941.99,11.61,Online,23,Female,139516,Rural,1,1
54,519.2,6.15,Travel,79,Male,58948,Suburban,3,1
55,1052.3,19.77,Online,20,Female,117694,Suburban,2,1
56,814.93,5.59,Online,18,Male,137793,Urban,4,1
57,3269.01,7.46,Online,27,Female,35465,Rural,4,1
58,1273.93,18.99,Online,25,Male,149654,Urban,5,1
59,2336.89,17.16,Retail,47,Male,45114,Rural,0,0
60,1229.68,13.39,Restaurant,39,Female,87374,Rural,1,0
61,803.26,16.92,Retail,34,Female,63026,Suburban,5,0
62,560.77,10.05,Travel,32,Male,104696,Suburban,4,1
63,3285.08,0.13,Travel,37,Female,151416,Suburban,3,1
64,699.53,0.27,Online,55,Male,158702,Suburban,1,1
65,990.95,12.27,Online,44,Male,135186,Urban,2,1
66,1849.94,2,Travel,30,Female,47177,Urban,0,1
67,4106.76,1.23,Online,33,Female,171850,Rural,2,1
68,494.54,23.17,Retail,37,Male,147537,Suburban,5,1
69,4191.35,20.62,Online,36,Male,87281,Rural,4,1
70,489.53,3.65,Retail,60,Male,122903,Urban,2,1
71,4882.53,0.02,Restaurant,20,Male,192110,Suburban,3,1
72,2348.57,22.6,Retail,34,Male,48758,Suburban,3,1
73,4884.04,6.68,Travel,74,Male,24850,Suburban,1,0
74,3028.18,4.46,Travel,29,Male,176114,Urban,0,1
75,3698.93,16.6,Travel,53,Female,142879,Rural,0,1
76,205.55,2.61,Retail,27,Male,90027,Suburban,3,1
77,1421.21,6.35,Restaurant,75,Male,44856,Suburban,2,1
78,609.78,23.4,Travel,27,Male,30475,Rural,2,0
79,1487.74,15.35,Online,48,Male,198694,Rural,5,1
80,602.45,12.5,Retail,40,Female,53980,Rural,1,0
81,1596.74,9.55,Restaurant,60,Male,172683,Suburban,4,1
82,2077.17,18.59,Retail,38,Female,144591,Suburban,4,1
83,330.1,3.38,Retail,59,Female,119980,Suburban,1,0
84,3465.44,23.22,Restaurant,37,Female,114509,Rural,4,1
85,2837.34,20.67,Retail,22,Female,77893,Suburban,3,1
86,1334.29,14.82,Travel,64,Female,141289,Urban,0,1
87,2621.01,1.03,Restaurant,33,Female,172104,Suburban,5,1
88,478.76,16.82,Retail,51,Female,178964,Rural,0,0
89,2883.97,21.92,Online,18,Female,72219,Urban,4,1
90,4647.19,12.59,Restaurant,65,Female,187413,Rural,4,1
91,1599.66,8.5,Online,33,Male,59282,Suburban,4,0
92,3340.38,2.89,Retail,31,Male,26927,Urban,0,0
93,667.67,18.12,Online,27,Female,57655,Suburban,4,1
94,3584.47,21.24,Restaurant,67,Female,184286,Rural,2,0
95,1454.14,2.41,Retail,60,Female,91734,Suburban,2,1
96,924.12,18.22,Restaurant,28,Male,101260,Suburban,3,1
97,2936.7,0.41,Retail,67,Male,28145,Rural,1,0
98,110.34,23.21,Travel,57,Female,67725,Rural,3,1
99,4146.41,14.76,Travel,52,Female,118784,Suburban,5,0
100,33.43,13.26,Travel,57,Male,37990,Rural,0,0
101,3392.3,7.1,Online,66,Female,133363,Suburban,2,1
102,1357.34,22.3,Online,62,Male,97734,Suburban,1,1
103,3678.62,6.38,Travel,62,Male,83809,Urban,5,1
104,4811.32,19.88,Restaurant,60,Female,100485,Suburban,2,1
105,1251.28,23.64,Restaurant,19,Male,105345,Suburban,4,1
106,2885.03,18.8,Retail,26,Male,61091,Rural,0,1
107,2964.29,12.46,Restaurant,18,Male,158362,Urban,1,1
108,2865.54,1.59,Restaurant,29,Male,106706,Urban,3,0
109,1123.18,11.34,Online,44,Female,175553,Urban,5,1
110,4764.22,10.52,Restaurant,48,Male,180259,Suburban,0,1
111,2241.16,4.87,Restaurant,61,Female,61293,Urban,3,1
112,4233.58,10.17,Retail,60,Male,33730,Urban,5,0
113,3500.4,8.59,Travel,37,Female,176495,Rural,3,1
114,1494.21,3.93,Travel,39,Male,163841,Rural,3,1
115,4070.85,10.59,Online,65,Male,105022,Suburban,4,1
116,1988.56,6.31,Online,19,Male,167369,Suburban,3,1
117,4406.7,12.53,Retail,76,Female,145577,Suburban,2,1
118,2910.55,0.84,Online,78,Female,105145,Rural,5,1
119,4409.86,21.75,Retail,36,Male,111888,Urban,1,1
120,3465.73,19.59,Travel,46,Female,103196,Urban,1,1
121,3629.02,13.26,Travel,29,Male,82025,Urban,0,0
122,2511.61,20.44,Retail,77,Male,152604,Rural,2,1
123,4780.86,23.1,Travel,67,Male,78686,Rural,3,0
124,3223.51,2.65,Restaurant,70,Male,136832,Rural,5,1
125,2125.04,15.14,Restaurant,57,Female,181685,Rural,2,1
126,3035.9,23.95,Travel,27,Male,77547,Urban,3,1
127,105.77,23.71,Retail,42,Female,33496,Urban,3,0
128,1514.86,14.48,Restaurant,22,Male,174489,Rural,1,1
129,3304.27,3.07,Restaurant,44,Male,152524,Rural,5,1
130,1457.49,14,Travel,70,Female,189666,Urban,4,1
131,3093.9,0.05,Online,61,Female,87680,Suburban,0,0
132,2149.56,4.77,Online,72,Female,99964,Suburban,1,1
133,686.02,22.95,Travel,39,Male,133400,Rural,3,1
134,1498.43,7.93,Travel,32,Male,47210,Rural,0,1
135,2854.12,15.32,Restaurant,47,Male,67459,Suburban,3,1
136,2958.46,6.74,Retail,19,Female,189149,Rural,1,0
137,2875.88,22.75,Retail,32,Male,89099,Suburban,3,1
138,3269.47,17.49,Restaurant,18,Female,106949,Urban,0,1
139,3264,7.91,Restaurant,33,Male,28895,Urban,3,0
140,2162.78,19,Retail,51,Female,35713,Rural,1,1
141,4483.77,2.6,Online,50,Male,141085,Suburban,3,1
142,1844.13,9.42,Online,79,Male,88643,Rural,0,0
143,2184.97,5.31,Retail,69,Female,93450,Rural,2,1
144,4460.7,16.41,Travel,55,Male,87792,Urban,2,0
145,4032.91,2.46,Travel,23,Male,166465,Suburban,4,1
146,3522.4,9.53,Restaurant,48,Female,155811,Suburban,4,1
147,510.13,6.64,Online,72,Male,59263,Rural,1,1
148,4598.22,12.15,Travel,59,Female,97037,Urban,5,0
149,3574.06,8.4,Travel,65,Female,197252,Suburban,3,1
150,4994.25,16.95,Travel,68,Male,113128,Suburban,5,1
151,755.75,0.59,Retail,76,Male,52281,Rural,3,0
152,4341.95,15.22,Restaurant,27,Female,107333,Urban,3,1
153,820.84,5.53,Restaurant,71,Female,107754,Suburban,1,1
154,3081.64,6.45,Online,25,Male,103168,Urban,1,0
155,627.86,19.21,Travel,48,Male,31903,Rural,5,0
156,4241.56,22.93,Restaurant,39,Male,153823,Rural,3,1
157,4038.52,7.6,Retail,48,Female,111861,Suburban,0,1
158,2849.81,19.84,Retail,59,Female,197128,Urban,1,1
159,2041.84,2.5,Retail,26,Female,163949,Suburban,4,0
160,355.14,15.22,Travel,19,Male,147072,Suburban,0,1
161,3490.17,18.02,Retail,63,Female,89226,Urban,5,1
162,2273.18,3.74,Travel,39,Male,113189,Rural,2,0
163,3613.06,10.22,Restaurant,26,Male,67381,Urban,3,0
164,4333.25,21.42,Retail,75,Male,86728,Urban,4,1
165,4877.85,2.49,Travel,63,Male,70317,Suburban,4,1
166,4280.46,0.43,Online,67,Female,81986,Rural,4,1
167,68.45,14.17,Restaurant,70,Male,64076,Rural,4,0
168,1806.29,10.45,Restaurant,18,Female,119504,Suburban,5,1
169,3652.65,19.17,Travel,45,Female,126863,Suburban,3,1
170,866.43,22.16,Travel,68,Male,148307,Rural,4,1
171,2609.97,7.18,Restaurant,66,Female,188763,Suburban,5,1
172,281.15,9.32,Travel,43,Female,61489,Urban,4,0
173,1007.98,11.67,Retail,47,Male,159616,Urban,0,1
174,102.42,14.12,Travel,25,Female,122112,Suburban,5,0
175,3970.55,23.61,Restaurant,44,Male,103723,Urban,1,1
176,1127.38,16.74,Retail,49,Male,106726,Suburban,2,0
177,1733.3,9.35,Travel,32,Male,68965,Rural,3,1
178,4641.13,6.33,Retail,75,Female,28118,Suburban,2,0
179,3525.03,22.67,Travel,37,Male,27372,Rural,2,1
180,168.88,3.25,Restaurant,26,Female,72689,Suburban,5,0
181,831.82,17.29,Restaurant,57,Female,157119,Suburban,1,1
182,3111.18,22.21,Retail,47,Female,20744,Urban,3,1
183,2890.37,15.95,Restaurant,41,Female,109514,Urban,0,0
184,1197.09,10.15,Restaurant,31,Male,95614,Urban,1,0
185,4671.73,4.78,Retail,58,Male,178342,Urban,4,1
186,3073.69,8.82,Retail,19,Female,167264,Suburban,4,1
187,2682.81,16.96,Restaurant,43,Female,172196,Urban,2,1
188,2953.65,15.59,Retail,42,Male,27616,Suburban,0,0
189,3653.31,22.27,Retail,48,Female,122387,Suburban,2,0
190,1566.61,20.8,Travel,59,Male,197635,Rural,5,1
191,1997.12,19.59,Online,34,Male,25462,Suburban,4,1
192,1057.12,21.87,Restaurant,78,Female,58878,Urban,3,0
193,939.1,6.63,Restaurant,29,Female,82951,Rural,1,0
194,4722.42,8.87,Travel,57,Male,188726,Rural,0,1
195,3700.36,9.12,Restaurant,25,Male,120439,Rural,1,0
196,2457.39,13.45,Restaurant,56,Female,99153,Suburban,1,0
197,1144.8,16.04,Restaurant,39,Male,194874,Urban,2,1
198,1279.24,6.88,Retail,42,Female,132758,Rural,4,1
199,299.57,0.47,Restaurant,55,Male,99672,Suburban,0,0
200,2177.74,9.58,Restaurant,61,Male,27042,Suburban,1,1
201,1565.86,7.4,Online,77,Female,35317,Rural,0,1
202,3484.75,22.61,Travel,54,Male,135724,Urban,0,1
203,1894.98,21.32,Travel,50,Female,50672,Suburban,4,1
204,906.22,20.65,Retail,27,Male,40482,Rural,1,0
205,133.15,15.67,Restaurant,67,Female,75387,Suburban,0,0
206,345.58,8.26,Restaurant,58,Female,161945,Urban,0,0
207,3400.17,13.17,Restaurant,34,Female,54537,Urban,1,0
208,2273.95,19.57,Restaurant,53,Female,117315,Urban,1,1
209,2687.53,2.37,Retail,73,Male,31904,Urban,1,1
210,4484.39,19.23,Online,21,Male,168797,Suburban,2,1
211,4951.79,0.99,Travel,57,Male,117357,Urban,1,1
212,1092.32,19.59,Online,55,Male,139295,Rural,4,1
213,3318.76,19.38,Restaurant,76,Male,121989,Urban,0,0
214,1323.98,1.22,Online,21,Male,112562,Urban,2,1
215,113.05,15.05,Online,58,Male,115980,Rural,1,1
216,3794.31,12.06,Travel,76,Male,104635,Urban,3,1
217,1606.89,4.08,Online,53,Male,114473,Urban,2,1
218,1923.48,3.56,Online,19,Male,32912,Rural,2,1
219,2945.7,18.56,Online,21,Male,125894,Urban,5,1
220,4156.93,13.62,Retail,29,Male,97690,Suburban,2,0
221,3148.62,23.59,Retail,21,Male,137990,Suburban,2,1
222,4364.53,23.57,Retail,64,Male,20102,Urban,0,1
223,1374.97,23.82,Online,77,Male,171621,Suburban,5,1
224,3992.25,2.85,Retail,30,Female,61022,Rural,0,1
225,936.32,22.52,Online,50,Male,195116,Suburban,5,1
226,4764.43,5.87,Online,57,Male,25698,Urban,2,1
227,3440.57,11,Retail,68,Female,118363,Urban,3,1
228,1085.38,18.18,Restaurant,18,Male,181664,Urban,1,1
229,4737.38,4.89,Online,72,Male,125496,Urban,5,1
230,3656.97,13.59,Online,72,Male,188298,Rural,5,1
231,1277.17,4.46,Travel,65,Female,49664,Urban,2,0
232,1074.43,2.51,Retail,41,Male,60068,Rural,2,1
233,2595.82,2.8,Travel,25,Male,97768,Rural,1,0
234,138.06,8.58,Online,77,Male,95154,Urban,0,1
235,1045.28,0.11,Travel,19,Female,102733,Suburban,5,1
236,2129.18,10.2,Online,52,Female,147452,Suburban,2,1
237,1877.11,15.94,Travel,31,Male,94312,Suburban,2,0
238,2323.24,9.64,Online,74,Male,182704,Urban,2,0
239,1395.37,2.06,Retail,48,Male,29814,Suburban,2,0
240,2938.05,1.5,Travel,39,Female,187786,Rural,1,1
241,4320.64,6.67,Travel,35,Male,62879,Suburban,0,1
242,596.48,4.06,Restaurant,41,Female,160887,Rural,3,1
243,2591.72,23.16,Restaurant,53,Female,149346,Suburban,1,1
244,669.02,3.63,Retail,51,Male,58448,Rural,3,1
245,3587.13,19.33,Online,24,Male,107770,Suburban,3,1
246,1986.34,14.07,Restaurant,42,Female,177835,Suburban,1,0
247,2831.45,13.66,Retail,52,Male,145080,Rural,0,1
248,924.57,12.29,Retail,73,Male,104367,Suburban,0,0
249,732.79,23.32,Online,58,Male,177337,Suburban,5,1
250,2445.4,8.73,Online,75,Male,132517,Suburban,0,1
251,1784.51,18.91,Travel,56,Male,104502,Urban,1,1
252,4702.76,13.33,Travel,27,Female,158035,Urban,1,0
253,3828.97,9.5,Retail,42,Female,58045,Suburban,4,0
254,3745.83,22.93,Retail,47,Female,30380,Suburban,1,1
255,4519.56,14.36,Retail,23,Female,35162,Urban,4,1
256,426.28,2.85,Travel,66,Male,126364,Rural,3,1
257,2765.44,10.02,Restaurant,66,Female,125748,Suburban,1,0
258,2926.54,18.76,Online,43,Male,102862,Suburban,4,1
259,4810.06,16.65,Retail,22,Male,67454,Rural,0,0
260,1467.82,21.99,Travel,64,Female,70286,Rural,5,1
261,1211.74,6.23,Travel,56,Female,160555,Rural,3,1
262,510.47,18.2,Online,18,Female,199142,Suburban,1,1
263,91.98,11.04,Restaurant,77,Female,166729,Rural,5,0
264,4648.35,13.77,Retail,32,Female,99963,Rural,2,0
265,3352.88,22.92,Online,27,Male,114289,Urban,3,1
266,3927.91,23.5,Travel,54,Female,111622,Rural,5,1
267,1415.83,20.68,Restaurant,65,Male,136537,Suburban,3,1
268,2936.19,8.62,Retail,68,Male,170411,Suburban,4,0
269,329.14,21.3,Travel,46,Male,116221,Urban,1,1
270,2433.28,15.33,Travel,33,Female,64493,Suburban,4,0
271,4887.7,10.32,Online,20,Male,136590,Suburban,3,1
272,4383.76,0.86,Travel,54,Male,187571,Urban,0,1
273,1697.41,18.48,Retail,25,Female,102169,Rural,1,1
274,4808.24,12.05,Travel,35,Male,119335,Rural,1,1
275,1166.19,18.87,Online,49,Female,21337,Suburban,5,1
276,4747.1,17.95,Online,61,Male,151728,Urban,5,1
277,4707.47,19.05,Restaurant,59,Female,186056,Rural,1,1
278,3998.02,7.22,Restaurant,33,Female,148975,Suburban,5,1
279,3155.94,19.22,Travel,46,Female,62506,Rural,0,0
280,4372.7,13.17,Travel,72,Male,28489,Suburban,3,1
281,1472.17,11.36,Travel,70,Male,60874,Rural,2,1
282,4246.23,16.2,Restaurant,72,Female,190408,Rural,3,1
283,3093.2,0.51,Restaurant,60,Female,195005,Suburban,0,0
284,76.05,2.46,Travel,74,Male,35007,Rural,4,1
285,1742.7,7.01,Restaurant,49,Female,162929,Suburban,4,1
286,749.22,23.59,Online,40,Female,161220,Urban,5,1
287,4909.33,3.35,Restaurant,75,Male,66564,Rural,2,0
288,2397.07,7.93,Online,68,Male,113245,Urban,4,1
289,2491.98,1.23,Travel,41,Male,71057,Suburban,0,1
290,3200.97,7.95,Online,78,Male,28661,Rural,2,1
291,1849.24,7.69,Retail,22,Male,119227,Rural,0,1
292,693.13,22.72,Travel,18,Female,101177,Rural,1,1
293,4112.37,20.28,Online,35,Female,71119,Urban,4,1
294,957.34,9.19,Online,24,Female,86742,Rural,5,1
295,2561.48,0.59,Restaurant,22,Female,138216,Rural,1,1
296,1129.34,19.94,Online,29,Female,122369,Suburban,3,1
297,498.24,15.85,Restaurant,50,Female,111898,Rural,1,1
298,4312.34,3.66,Online,34,Female,68495,Rural,4,1
299,4864.87,23.91,Online,20,Female,97257,Urban,3,1
300,4804.56,2.41,Restaurant,76,Female,66987,Urban,4,0
301,4533.71,20.81,Retail,28,Male,91856,Rural,4,0
302,3872.5,7.06,Online,57,Female,150031,Urban,4,1
303,1672.39,10.45,Online,56,Female,180528,Rural,0,1
304,414.7,19.09,Travel,72,Male,141072,Rural,5,0
305,2042.13,16.26,Restaurant,78,Female,103144,Rural,4,1
306,1168.85,22.51,Restaurant,57,Female,69569,Rural,3,1
307,671.11,14.91,Retail,79,Male,198864,Rural,3,1
308,276.6,2.35,Travel,73,Male,98222,Urban,2,0
309,3630.72,21.22,Retail,18,Male,21345,Suburban,4,1
310,67.02,18.46,Retail,27,Male,59598,Rural,0,0
311,3855.2,17.08,Online,29,Male,90879,Rural,4,1
312,743.26,1.29,Online,62,Male,28982,Rural,5,1
313,406.82,9.51,Restaurant,70,Female,130784,Rural,3,1
314,457.12,4.02,Travel,35,Female,138476,Urban,1,0
315,3363.52,19.73,Restaurant,54,Female,91848,Rural,4,0
316,1234.38,16.81,Travel,59,Female,175384,Suburban,0,1
317,2108.49,21.19,Restaurant,65,Female,115743,Suburban,3,1
318,2791.27,23.2,Retail,23,Female,34300,Rural,4,1
319,4304.15,18.59,Retail,59,Male,197212,Rural,5,1
320,3637.95,23.86,Retail,66,Female,45982,Rural,2,1
321,1358.94,14.75,Online,56,Male,105116,Suburban,1,1
322,666.1,0.89,Travel,54,Male,42008,Urban,3,0
323,286.32,0.34,Travel,22,Female,25817,Urban,2,1
324,1514.98,8.21,Online,77,Male,162419,Urban,3,1
325,1317.97,19.76,Travel,67,Male,157203,Suburban,5,1
326,2286.14,20.79,Restaurant,29,Male,67403,Suburban,1,1
327,3419.57,23.06,Retail,57,Female,94231,Urban,2,1
328,3481.17,1.56,Online,47,Female,35940,Rural,2,1
329,1424.76,1.07,Retail,61,Male,31762,Rural,1,0
330,1905.84,21.92,Travel,63,Female,92401,Urban,5,0
331,913.94,7.32,Online,29,Female,84605,Urban,1,0
332,3944.84,13.39,Travel,60,Male,38918,Suburban,5,0
333,293.67,23.58,Retail,50,Female,42042,Suburban,1,0
334,3488.02,9.61,Travel,19,Male,96754,Suburban,3,1
335,3895.69,15.98,Online,62,Female,199028,Urban,5,1
336,3889.26,9.62,Travel,65,Female,47951,Urban,3,0
337,1304.52,18.44,Online,52,Male,105218,Rural,0,1
338,1875.33,12.67,Online,60,Male,128017,Suburban,2,1
339,2942.12,5.7,Online,60,Male,134150,Rural,2,1
340,1371.38,6.51,Restaurant,62,Female,71852,Rural,5,1
341,1860.56,6.19,Travel,28,Male,56440,Rural,4,0
342,993.3,12.78,Travel,60,Female,37518,Suburban,2,0
343,2304.68,16.88,Retail,78,Female,118503,Urban,0,1
344,232.62,22.78,Online,58,Female,110569,Suburban,0,1
345,4000.98,16.66,Online,64,Female,85468,Suburban,1,1
346,394.01,18.75,Retail,57,Male,136007,Suburban,2,1
347,2598.99,4.05,Travel,33,Male,191309,Rural,0,1
348,1540.98,8.98,Travel,63,Male,49790,Rural,1,1
349,2891.94,9.93,Travel,44,Male,71171,Rural,5,1
350,4797.57,16.47,Online,59,Female,141916,Urban,0,1
351,3231.4,7.1,Online,58,Male,71106,Urban,2,0
352,186.46,7.28,Retail,62,Male,166407,Urban,2,0
353,2157.71,8.54,Restaurant,66,Female,181218,Urban,1,1
354,2554.98,19.45,Restaurant,34,Male,78535,Suburban,2,0
355,2685.53,13.86,Online,61,Male,162998,Rural,1,1
356,3410.15,1.81,Travel,46,Male,65795,Rural,2,0
357,1395.2,1.88,Travel,18,Female,169530,Suburban,4,1
358,653.01,8.91,Restaurant,62,Male,99940,Suburban,1,0
359,1969.45,18.4,Travel,79,Male,107541,Rural,4,1
360,4782.46,16.53,Restaurant,20,Male,175055,Rural,5,1
361,943.78,16.99,Online,40,Female,100009,Urban,2,1
362,4520.88,18.41,Online,78,Female,192614,Urban,5,0
363,2723.59,6.89,Travel,42,Male,103869,Suburban,3,1
364,2289.99,13.16,Travel,62,Male,144933,Rural,2,1
365,4411.39,13.04,Restaurant,37,Female,21537,Rural,5,1
366,2298.43,17.75,Travel,48,Male,171126,Urban,5,1
367,3623.6,22.96,Online,31,Male,93565,Urban,3,1
368,2001.14,6.67,Travel,25,Female,72869,Rural,2,0
369,4521.18,19.04,Travel,37,Male,198576,Suburban,1,1
370,3453.22,15.84,Travel,53,Male,48570,Urban,0,0
371,3501.11,13.93,Online,71,Male,36684,Rural,1,0
372,1645.32,18.6,Travel,71,Male,108142,Suburban,5,1
373,3786.33,22.66,Restaurant,47,Female,56829,Rural,3,1
374,3183.94,0.88,Retail,38,Male,160603,Rural,2,1
375,1207.7,3.54,Restaurant,26,Male,131691,Rural,2,1
376,811.09,18.15,Restaurant,28,Female,69941,Suburban,2,0
377,3983.99,2.01,Restaurant,59,Male,148189,Suburban,0,1
378,4796.24,12.39,Online,52,Female,72281,Rural,0,0
379,2296.11,5.28,Restaurant,64,Male,182202,Rural,1,0
380,2959.01,6.58,Travel,79,Male,119381,Suburban,5,1
381,4290.04,16.84,Online,29,Male,85515,Rural,1,1
382,2291.55,0.72,Retail,79,Female,61412,Rural,3,1
383,4759.85,20.96,Restaurant,26,Male,190105,Suburban,0,1
384,2883,10.67,Retail,71,Female,63686,Urban,4,0
385,4105.63,12.06,Travel,73,Male,81889,Suburban,1,0
386,4545.13,12.96,Travel,39,Male,156836,Urban,5,1
387,4079.46,15.49,Restaurant,70,Male,150279,Urban,4,1
388,805.48,8.28,Travel,22,Female,33715,Suburban,1,1
389,3148.2,2.43,Travel,65,Male,78741,Urban,5,0
390,1998.19,7.64,Travel,25,Female,63485,Rural,4,1
391,322.94,4.04,Online,74,Male,140674,Suburban,4,1
392,2125.92,13.35,Retail,74,Female,135544,Urban,1,1
393,1300.83,7.63,Restaurant,39,Male,82265,Urban,0,0
394,4246.7,22.99,Retail,40,Male,131148,Suburban,1,1
395,176.19,23.18,Online,24,Female,131629,Suburban,0,0
396,4795.32,14.88,Travel,37,Male,30736,Rural,2,1
397,1783.29,14.82,Travel,61,Female,163567,Urban,5,1
398,1789.97,23.65,Online,24,Male,176672,Suburban,5,1
399,91.48,21.29,Travel,50,Male,181905,Urban,2,1
400,934.31,18.36,Restaurant,77,Female,37843,Urban,2,0
401,2012.28,7.53,Restaurant,55,Female,92749,Urban,5,0
402,4647.16,8.77,Retail,40,Male,139446,Suburban,2,1
403,507.08,4.83,Online,59,Female,113982,Rural,3,1
404,4727.05,11.69,Online,39,Male,196735,Urban,3,1
405,4348.75,23.77,Restaurant,70,Female,68173,Suburban,1,0
406,2276.27,21.89,Travel,29,Male,133340,Urban,4,1
407,1640.24,2.84,Online,61,Male,145859,Rural,3,1
408,1171.39,0.6,Online,21,Male,60979,Urban,3,1
409,3076.18,21.57,Travel,50,Female,99458,Rural,4,1
410,175.04,12.89,Online,47,Female,96035,Suburban,3,1
411,87.87,4.8,Travel,39,Female,56540,Suburban,4,0
412,2149.69,16.17,Retail,35,Female,117736,Suburban,3,0
413,349.69,15.46,Retail,23,Female,116321,Urban,2,1
414,1267.19,2.93,Travel,65,Male,54447,Rural,5,0
415,1113.59,6.23,Retail,45,Female,139657,Urban,4,1
416,1273.42,1.44,Travel,19,Female,42792,Rural,2,0
417,663.97,5.04,Travel,51,Female,124756,Suburban,1,0
418,70.06,3.18,Online,58,Female,170422,Urban,4,1
419,586.27,4.64,Travel,61,Female,194220,Suburban,4,1
420,3096.22,16.45,Travel,57,Female,162339,Suburban,0,1
421,4871.54,1.19,Travel,75,Female,176950,Rural,3,1
422,4951.82,2.44,Travel,61,Female,171193,Rural,4,1
423,2051.18,3.22,Travel,69,Female,117973,Rural,0,1
424,823.14,7.6,Restaurant,55,Female,41032,Urban,5,0
425,3197.42,7.17,Restaurant,48,Female,192201,Suburban,0,0
426,2456.62,6.12,Restaurant,36,Male,68823,Urban,0,0
427,4947.15,18.01,Retail,72,Male,126214,Rural,5,1
428,335.87,23.95,Online,33,Female,41684,Rural,2,1
429,3918.34,12.82,Retail,78,Female,76872,Rural,0,0
430,1449.11,22.66,Retail,69,Male,23556,Suburban,4,1
431,1214.68,9.52,Restaurant,63,Female,33333,Suburban,1,0
432,3315.9,2.56,Restaurant,58,Female,105446,Rural,3,1
433,1237.86,9.81,Online,47,Male,37484,Suburban,5,1
434,3332.64,7.11,Travel,22,Male,120999,Suburban,2,1
435,2591.37,11.84,Retail,74,Male,168611,Urban,5,1
436,2126.2,15.77,Online,66,Female,96280,Urban,0,1
437,2777.89,11.07,Travel,74,Female,172522,Rural,0,1
438,1442.39,22.44,Retail,60,Male,165435,Rural,2,0
439,3535.81,21.23,Online,38,Female,80089,Suburban,5,0
440,2080.14,16.85,Retail,34,Female,116497,Urban,2,1
441,1809.12,11.75,Online,71,Female,166929,Urban,5,0
442,4145,3.16,Retail,39,Female,120696,Rural,4,0
443,4625.58,9.53,Travel,20,Female,85713,Urban,4,1
444,239.58,16.91,Retail,38,Male,187086,Suburban,1,1
445,1170.81,6.84,Restaurant,63,Male,56553,Urban,4,0
446,1749.11,2.5,Retail,74,Male,75276,Urban,4,1
447,4076.68,21.79,Travel,42,Male,147012,Rural,5,1
448,4927.6,17.02,Restaurant,61,Male,163880,Urban,2,1
449,4845.17,14.77,Travel,38,Male,66473,Rural,2,0
450,4525.69,19.02,Travel,63,Male,86019,Rural,3,1
451,1489.82,20.06,Online,33,Male,198561,Urban,2,1
452,4960.14,11.6,Travel,51,Male,26822,Rural,2,1
453,1254.61,21.15,Travel,42,Female,170573,Suburban,4,1
454,538.47,21.99,Travel,42,Male,187769,Rural,5,1
455,4755.25,6.52,Restaurant,58,Female,96377,Rural,4,0
456,1174.77,14.58,Retail,45,Female,141152,Urban,2,1
457,3451.94,12.64,Restaurant,79,Male,48670,Urban,2,1
458,301.2,12.91,Travel,21,Male,195418,Rural,3,1
459,3656.24,22.5,Travel,37,Male,116582,Rural,0,1
460,4409.78,7.32,Travel,30,Male,163975,Rural,2,1
461,1369.46,23.6,Restaurant,68,Female,141586,Suburban,1,1
462,1901.49,21.65,Travel,62,Male,98353,Urban,3,0
463,1877.74,11.01,Online,28,Female,50475,Suburban,0,1
464,3746.45,19.62,Restaurant,27,Male,167473,Urban,5,1
465,1196.66,18.46,Online,46,Male,128126,Urban,4,1
466,867.55,16.27,Online,71,Female,133849,Suburban,2,1
467,2251.97,7.68,Restaurant,64,Male,74258,Suburban,1,1
468,1529.3,4.71,Travel,49,Female,38289,Urban,4,0
469,4197.55,16.12,Retail,41,Female,125161,Urban,2,1
470,1196.33,20.23,Travel,31,Female,90412,Suburban,0,0
471,2516.92,0.39,Online,23,Female,69041,Suburban,2,1
472,4713.49,15.43,Restaurant,63,Female,70980,Urban,5,0
473,3173.65,10.63,Online,58,Female,127168,Suburban,2,1
474,4337.77,21.55,Restaurant,25,Female,21407,Rural,1,1
475,4701.65,7.72,Travel,59,Female,51619,Urban,3,0
476,3756.32,11.38,Travel,64,Male,63513,Suburban,4,1
477,3500.88,12.35,Restaurant,34,Female,151020,Rural,5,1
478,4840.15,3.37,Travel,68,Female,34453,Urban,4,1
479,4972.06,17.11,Travel,57,Male,92943,Urban,2,0
480,2264.59,19.93,Retail,53,Female,78868,Suburban,1,1
481,363.64,1.39,Restaurant,60,Female,138471,Rural,3,1
482,1471.04,6.99,Online,46,Female,122638,Suburban,2,1
483,770.25,0.91,Travel,71,Female,132317,Suburban,4,1
484,2093.26,22.96,Online,35,Female,29733,Rural,2,1
485,665.13,16.01,Retail,55,Male,66354,Suburban,0,0
486,3024.55,23.14,Travel,19,Female,64562,Urban,5,1
487,1920.21,12.76,Online,35,Male,148849,Rural,3,0
488,4477.98,19.25,Retail,48,Female,89129,Suburban,2,0
489,4839.3,8.99,Restaurant,52,Male,184506,Suburban,1,0
490,2738.96,8.49,Restaurant,70,Female,177828,Suburban,5,0
491,1381.37,9.08,Restaurant,21,Male,139656,Urban,4,1
492,2965.23,15.79,Retail,51,Male,36498,Urban,5,0
493,4484.84,8.63,Travel,61,Male,169733,Rural,0,1
494,2039.6,21.61,Online,43,Female,35713,Rural,1,1
495,2764.87,23.6,Online,19,Male,38193,Urban,4,1
496,1365.55,0.73,Restaurant,52,Male,53532,Rural,0,0
497,2282.67,4.65,Online,74,Male,25615,Urban,4,1
498,2014.55,2.69,Retail,67,Female,103431,Urban,3,1
499,1249.58,1.02,Travel,57,Male,95622,Suburban,2,0
500,2534.27,5.47,Travel,58,Male,188550,Rural,4,1
501,1558.8,10.72,Retail,36,Female,135258,Suburban,0,1
502,1871.44,20.09,Travel,59,Male,30402,Urban,3,1
503,2629.6,5.32,Retail,72,Female,138747,Rural,2,1
504,3755.47,11.85,Retail,39,Female,153613,Suburban,3,1
505,1674.2,22.31,Online,65,Female,52625,Urban,1,1
506,4621.55,16.01,Retail,46,Male,151865,Urban,5,1
507,4312.97,19.15,Online,19,Female,115558,Suburban,1,1
508,252.96,13.22,Travel,59,Male,30378,Suburban,2,0
509,1275.68,23.53,Restaurant,56,Female,185711,Suburban,1,1
510,2236.22,14.13,Travel,30,Male,79476,Rural,2,0
511,532.09,1.09,Online,33,Female,64469,Rural,5,0
512,1748.9,4.75,Retail,46,Male,171503,Suburban,1,1
513,3703.09,9.71,Travel,43,Male,106198,Suburban,5,1
514,3405.77,14.43,Online,77,Female,23875,Urban,5,1
515,3115.7,18.53,Travel,68,Male,132327,Rural,1,1
516,3555.54,9.91,Restaurant,71,Male,63880,Suburban,1,0
517,1032.57,17.04,Restaurant,40,Male,183441,Rural,2,1
518,1715.07,18.96,Travel,45,Female,196556,Rural,4,1
519,3384.45,7.61,Restaurant,31,Female,76878,Rural,4,0
520,4397.38,23.5,Online,51,Female,59268,Urban,1,0
521,2722.95,15.59,Retail,32,Male,21111,Suburban,4,1
522,1420.67,21.14,Retail,71,Female,87747,Suburban,3,1
523,160.87,13.34,Travel,26,Female,78386,Suburban,1,0
524,3554.58,17.8,Travel,22,Female,104558,Urban,3,1
525,49.34,18.49,Online,64,Female,161348,Urban,4,1
526,1869.67,21.8,Retail,72,Female,193424,Urban,2,1
527,2657.38,3.61,Retail,39,Male,180615,Suburban,5,0
528,4611.34,13.4,Online,63,Female,24621,Rural,5,0
529,456.58,10.28,Restaurant,46,Female,189975,Urban,0,1
530,2035.65,22.16,Retail,40,Male,110731,Rural,2,1
531,131.32,2.52,Travel,32,Female,60424,Urban,2,0
532,1719.63,23.58,Restaurant,18,Male,85851,Urban,5,1
533,3114.93,21.01,Retail,68,Male,176911,Urban,5,1
534,1402.55,1.77,Restaurant,55,Female,133853,Suburban,4,1
535,1056.65,11.78,Restaurant,72,Female,89088,Urban,2,0
536,587.36,17.22,Retail,68,Male,20030,Suburban,5,0
537,2889.93,17.72,Retail,27,Male,152681,Urban,5,1
538,3479.4,21.76,Online,51,Female,26235,Urban,4,1
539,3363.07,19.2,Travel,70,Male,199000,Rural,0,1
540,4744.82,7.46,Retail,58,Male,51723,Urban,4,1
541,23.49,11.96,Retail,58,Male,67895,Urban,3,0
542,3239.51,16.84,Travel,69,Male,136060,Rural,4,1
543,3005.96,3.32,Online,25,Male,150370,Urban,3,1
544,2947.81,4.66,Restaurant,44,Male,164148,Suburban,2,1
545,4814.22,11.55,Travel,47,Male,54134,Urban,2,0
546,94.19,7.16,Online,68,Male,96384,Suburban,3,1
547,3485.45,20.7,Restaurant,75,Male,137639,Urban,2,1
548,4070.26,14.07,Travel,35,Female,35800,Suburban,1,1
549,2553.94,8.37,Online,28,Female,186165,Urban,0,1
550,1676.48,20.37,Retail,61,Male,135284,Rural,5,1
551,3956.29,19.32,Retail,51,Male,55731,Urban,4,1
552,495.24,23.96,Restaurant,19,Female,57721,Suburban,0,1
553,2215.76,20.34,Retail,56,Female,107461,Urban,2,1
554,2604.56,9.95,Restaurant,79,Male,67192,Urban,0,0
555,3472.84,3.06,Online,37,Female,94579,Urban,1,1
556,463.52,20.18,Retail,47,Male,168138,Suburban,1,1
557,1146.52,1.43,Restaurant,24,Male,186491,Suburban,4,1
558,2057.4,8.41,Travel,23,Male,164726,Urban,2,1
559,3120.24,22.07,Online,22,Male,133283,Urban,2,1
560,4435.93,23.06,Retail,20,Female,52085,Urban,1,1
561,3097.94,15.37,Retail,73,Male,82872,Rural,3,1
562,675.97,16.53,Restaurant,58,Male,89841,Rural,0,0
563,4903.09,1.02,Travel,58,Female,137325,Urban,1,0
564,4360.21,12.35,Retail,34,Male,175081,Urban,0,0
565,2518.58,13.12,Restaurant,25,Male,77065,Urban,4,1
566,4612.52,8.16,Retail,58,Male,162873,Urban,1,1
567,2711.49,1.65,Online,42,Male,94653,Rural,5,1
568,4617.3,5.49,Retail,41,Female,90970,Suburban,4,0
569,4151.19,8.59,Restaurant,70,Male,54715,Suburban,3,1
570,4841.75,10.44,Restaurant,76,Male,90486,Suburban,3,0
571,4599.72,14.18,Restaurant,40,Female,154375,Urban,2,1
572,189.81,17.34,Travel,59,Male,43706,Rural,4,0
573,882.11,7.62,Travel,24,Male,193306,Suburban,1,1
574,1951.78,7.89,Online,74,Male,31913,Rural,0,0
575,4761.19,0.47,Retail,32,Female,195035,Urban,0,0
576,1507.14,0.98,Travel,69,Female,86409,Urban,4,1
577,810.73,6.19,Retail,57,Female,68372,Suburban,1,0
578,4432.66,17.77,Retail,42,Male,71383,Urban,2,0
579,2237.51,15.08,Restaurant,49,Female,183655,Suburban,3,0
580,4540.3,18.47,Restaurant,38,Female,70772,Rural,3,0
581,809.55,18.45,Retail,36,Male,58283,Urban,2,0
582,3308.98,20.56,Restaurant,53,Female,40678,Suburban,5,1
583,2206.92,17.29,Retail,50,Male,199053,Suburban,1,1
584,391.67,23.5,Retail,38,Male,161479,Urban,0,0
585,3485.35,21.57,Restaurant,42,Male,83033,Rural,0,1
586,1244.52,14.08,Travel,50,Male,108987,Rural,5,1
587,207.68,14.12,Retail,45,Male,199107,Rural,5,1
588,309.12,0.82,Travel,62,Female,43692,Urban,0,0
589,314.78,23.96,Travel,76,Male,187744,Urban,1,1
590,4539.59,3.16,Restaurant,54,Male,155831,Rural,1,1
591,3702.02,17.77,Travel,36,Male,74917,Urban,4,1
592,4491.33,19.7,Travel,40,Female,193751,Rural,4,1
593,3366.19,8.95,Travel,52,Female,77536,Suburban,2,1
594,2649.41,4.72,Travel,49,Female,147779,Suburban,2,0
595,1529.19,2.37,Retail,68,Female,62367,Rural,0,0
596,4989.83,17.97,Restaurant,36,Male,124458,Urban,1,1
597,1817.32,10.86,Restaurant,78,Male,71519,Rural,4,1
598,2358.54,17.13,Restaurant,32,Male,99664,Urban,0,1
599,1897.44,21.97,Retail,25,Female,144904,Suburban,5,1
600,4897.84,3.52,Retail,29,Male,144861,Suburban,4,1
601,881.55,22.06,Online,28,Male,21162,Urban,1,1
602,1646.66,9.88,Retail,75,Male,33459,Rural,1,0
603,3404.94,7.33,Retail,76,Female,21987,Urban,2,0
604,325.41,22.63,Travel,56,Female,171076,Rural,5,1
605,3040.17,23.78,Retail,59,Male,189475,Rural,1,1
606,2393.46,4.77,Online,40,Female,138179,Suburban,1,1
607,1427.16,15.76,Online,18,Female,88342,Rural,5,1
608,1199.68,2.56,Travel,52,Male,32106,Suburban,5,0
609,2577.42,15.62,Retail,35,Female,84596,Suburban,5,0
610,1845.96,19.86,Retail,60,Male,44136,Urban,0,0
611,2288.03,16.43,Restaurant,70,Female,123432,Suburban,1,0
612,1694.01,10.02,Retail,24,Female,167921,Suburban,3,1
613,4852.76,9.19,Travel,21,Female,71153,Suburban,0,1
614,675.86,9.43,Restaurant,58,Male,168860,Rural,5,1
615,493.05,14.15,Retail,77,Female,111357,Urban,5,1
616,1723.52,21.16,Restaurant,45,Male,21979,Rural,2,0
617,2959.22,22.3,Online,30,Male,151792,Suburban,0,1
618,3299.29,1.28,Travel,57,Female,155609,Rural,0,1
619,1992.31,4.36,Online,39,Female,109460,Suburban,1,1
620,4996.4,2.69,Retail,43,Male,184694,Urban,0,0
621,1765.95,4.64,Online,18,Female,127235,Suburban,4,1
622,3609.82,8.32,Online,61,Male,78930,Suburban,3,1
623,3191.54,12.16,Restaurant,52,Male,156035,Suburban,5,1
624,4067.14,15.11,Travel,79,Male,159856,Rural,4,1
625,4881.37,17.57,Travel,19,Female,36501,Suburban,2,0
626,4450.07,21.36,Online,66,Female,194491,Suburban,5,1
627,3825.16,23.74,Retail,61,Female,84096,Suburban,3,1
628,3494.26,15.91,Retail,55,Female,152399,Suburban,1,1
629,1684.14,20.29,Online,64,Female,85547,Suburban,3,0
630,746.95,18.67,Retail,61,Male,188152,Suburban,1,1
631,322.55,7.38,Online,43,Male,27704,Rural,0,0
632,1217.09,21.02,Travel,41,Female,42656,Urban,1,1
633,2167.08,1.03,Retail,60,Male,125916,Urban,2,0
634,2614.76,0.01,Restaurant,69,Male,164584,Urban,4,1
635,3867.69,6.57,Online,22,Male,42615,Urban,3,1
636,4794.12,11.09,Retail,70,Male,115483,Rural,4,1
637,595.43,15.32,Restaurant,25,Female,102269,Suburban,5,1
638,543.95,2.44,Travel,47,Female,158854,Suburban,5,1
639,2952.58,16.15,Online,19,Female,37644,Rural,4,1
640,3729.54,19.24,Retail,41,Male,96786,Urban,5,1
641,4242.27,4.45,Travel,41,Female,184274,Rural,4,0
642,4679.8,9.96,Online,42,Female,94705,Rural,5,1
643,4917.3,12.48,Restaurant,43,Male,108275,Urban,4,1
644,2005.01,10.84,Online,23,Male,181917,Rural,0,1
645,1907.87,19.2,Travel,40,Male,85150,Suburban,2,1
646,747.57,23.05,Restaurant,67,Female,159771,Rural,5,1
647,3427.82,19.17,Restaurant,34,Male,151822,Urban,2,1
648,3287.24,1.87,Travel,49,Male,118850,Urban,1,1
649,4311.69,19.32,Retail,66,Female,27649,Urban,1,0
650,495.32,1.6,Restaurant,18,Male,118665,Rural,1,1
651,2493.91,5.66,Restaurant,68,Male,34212,Urban,2,0
652,2909.6,3.67,Retail,21,Female,69363,Suburban,2,1
653,1215.37,4.74,Restaurant,51,Male,72019,Urban,2,1
654,853.44,12.68,Retail,49,Male,160065,Suburban,1,1
655,4299.31,16.12,Travel,24,Female,98677,Rural,0,0
656,302.09,11.29,Travel,70,Male,162771,Urban,5,1
657,2358.4,23.03,Retail,18,Female,132345,Urban,5,1
658,588.01,5.77,Restaurant,26,Male,91923,Suburban,4,1
659,2290.72,18.32,Online,42,Female,61031,Rural,5,1
660,4900.01,20.88,Restaurant,24,Male,152536,Suburban,2,0
661,2124.29,13.49,Online,29,Male,189598,Rural,2,1
662,4287.05,10.95,Restaurant,22,Male,148804,Suburban,3,1
663,595.4,14.31,Travel,71,Female,140893,Suburban,2,1
664,1363.55,10.29,Retail,55,Male,29583,Urban,4,1
665,2024.93,13.32,Restaurant,25,Male,45282,Suburban,5,0
666,2005.06,10.01,Retail,73,Female,43481,Rural,1,1
667,3360.2,9.61,Online,43,Female,189716,Suburban,3,1
668,1730.14,16.69,Restaurant,69,Male,183773,Rural,4,1
669,3571.7,2.23,Online,60,Male,176029,Suburban,5,1
670,3199.54,4,Restaurant,23,Female,124325,Urban,0,1
671,2001.81,20.43,Retail,55,Male,190659,Suburban,4,1
672,2164.48,18.51,Retail,22,Female,199422,Rural,2,1
673,3076.49,6.75,Restaurant,78,Female,100521,Rural,1,1
674,359.51,9.05,Online,60,Male,191057,Urban,4,1
675,4113.81,22.22,Restaurant,75,Female,87025,Rural,3,1
676,3270.57,19.63,Restaurant,30,Male,197336,Urban,4,1
677,3634.45,14.74,Restaurant,34,Male,186091,Suburban,3,1
678,2689.25,5.32,Online,75,Male,154562,Rural,3,1
679,561.28,1.06,Travel,23,Male,153099,Urban,4,1
680,2031.13,10.35,Restaurant,31,Male,181016,Suburban,3,1
681,2032.81,16.14,Travel,29,Male,59802,Suburban,1,0
682,1612,19.88,Retail,40,Female,156702,Urban,2,0
683,159.45,20.46,Restaurant,60,Female,92214,Urban,0,0
684,3688.9,0.79,Restaurant,57,Male,157305,Suburban,4,1
685,557.82,5.86,Retail,18,Female,132603,Suburban,3,1
686,3035.48,8.14,Travel,42,Male,131633,Urban,2,1
687,3519.06,4.53,Restaurant,66,Male,181535,Urban,3,1
688,3177.58,19.27,Online,45,Female,139841,Suburban,2,1
689,4796.12,18.42,Travel,73,Male,176257,Suburban,4,1
690,525.46,12.4,Travel,48,Female,53780,Rural,3,0
691,4337.16,23.59,Restaurant,42,Male,43129,Rural,5,1
692,155.66,3.46,Online,46,Male,134132,Urban,0,1
693,2679.24,21.59,Travel,42,Female,131623,Urban,0,1
694,2027.18,2.8,Restaurant,48,Male,38624,Suburban,4,1
695,2625.68,3.92,Travel,75,Male,69393,Suburban,5,1
696,1831.85,16.71,Restaurant,70,Female,156519,Urban,5,1
697,960.93,2.63,Restaurant,64,Male,130508,Urban,3,1
698,105.42,13.58,Online,50,Female,35959,Urban,4,0
699,2595.57,10.09,Retail,79,Female,70726,Urban,2,0
700,4215.46,17.48,Travel,64,Female,112162,Suburban,5,1
701,1872.35,21.62,Travel,53,Male,68030,Rural,4,0
702,1122.09,18.48,Travel,40,Female,160594,Rural,0,1
703,411.85,20.39,Travel,65,Male,113708,Urban,1,0
704,435.7,0.79,Travel,26,Female,23825,Urban,3,0
705,1114.77,7.44,Travel,21,Male,37390,Rural,5,1
706,509.07,12.37,Restaurant,54,Female,186647,Suburban,1,0
707,1332.55,9.98,Restaurant,70,Male,191334,Suburban,0,1
708,340.09,5.55,Restaurant,32,Male,93794,Urban,1,0
709,337.37,7.39,Retail,78,Female,146588,Urban,5,1
710,4282.82,22.69,Travel,54,Male,104273,Rural,2,1
711,818.98,7.06,Restaurant,77,Male,145176,Urban,1,0
712,2802.82,8.49,Online,35,Female,83312,Rural,4,1
713,3869.54,0.09,Travel,77,Female,189759,Suburban,0,1
714,2287.48,20.28,Travel,37,Female,117928,Urban,3,1
715,775.31,3.72,Retail,42,Male,94601,Rural,0,0
716,1005.98,4.9,Online,42,Female,62002,Urban,5,1
717,2170.59,6.13,Online,53,Male,42483,Urban,4,1
718,2645.89,21.23,Retail,68,Female,196988,Rural,0,1
719,1753.71,4.95,Retail,19,Female,155609,Urban,1,1
720,3909.58,19.14,Restaurant,30,Female,42874,Rural,1,0
721,3757.6,19.39,Retail,38,Female,109203,Urban,2,1
722,4636.79,22.25,Travel,25,Male,32702,Urban,4,1
723,154.47,2.77,Online,40,Female,41364,Urban,4,1
724,4479.5,5.21,Restaurant,62,Male,76139,Rural,3,0
725,1968.92,17.83,Retail,74,Female,121667,Urban,3,1
726,4393.08,4.7,Online,33,Male,38402,Suburban,3,1
727,3457.02,6.87,Retail,50,Female,107677,Rural,5,1
728,4936.87,4,Restaurant,51,Male,190712,Suburban,4,0
729,3798.82,4.14,Travel,31,Female,192640,Suburban,2,0
730,1829.08,11.56,Online,19,Male,112328,Rural,3,1
731,2510.31,2.63,Retail,21,Male,134234,Rural,1,1
732,1888.18,7.72,Restaurant,57,Male,171876,Suburban,3,1
733,1830.91,10.24,Travel,74,Male,166845,Rural,3,1
734,1311.91,0.59,Retail,54,Male,72275,Suburban,4,0
735,2484.89,9.32,Travel,56,Male,164438,Urban,0,1
736,3411.88,2.26,Travel,45,Female,48660,Rural,0,0
737,1393.93,11.85,Restaurant,76,Female,167282,Rural,1,0
738,2626.66,19.82,Online,52,Male,35924,Suburban,5,1
739,595.73,19.64,Online,63,Female,62085,Suburban,3,1
740,807.63,1.93,Retail,56,Female,105479,Suburban,1,1
741,243.56,14.43,Online,65,Female,197011,Suburban,5,1
742,4853.95,20.03,Retail,43,Female,53313,Suburban,1,0
743,29.26,5.71,Retail,34,Male,57849,Urban,3,1
744,901.11,18.29,Online,66,Female,170427,Rural,1,0
745,3068.21,21.38,Retail,68,Female,187382,Urban,1,1
746,416.03,19.35,Travel,27,Male,169290,Urban,2,1
747,4410.66,2.58,Retail,43,Female,34193,Suburban,1,1
748,3600.9,0.22,Online,18,Male,109013,Suburban,0,1
749,4832.29,4.6,Travel,33,Male,38013,Rural,5,1
750,2543.1,6.49,Restaurant,71,Male,79424,Suburban,5,1
751,1509.01,14.79,Retail,34,Male,183687,Urban,2,1
752,2752.01,9.22,Retail,60,Female,87210,Rural,4,1
753,4654.79,16.88,Retail,79,Male,34217,Urban,3,1
754,2608.6,8.47,Online,54,Female,100193,Urban,4,1
755,1343.36,3.71,Travel,25,Female,33120,Urban,3,1
756,4388.22,7.5,Restaurant,41,Female,184355,Urban,2,1
757,1865.87,21.22,Online,67,Male,80057,Urban,4,1
758,16.9,23,Online,58,Female,75485,Urban,0,1
759,1245.95,4.98,Online,56,Male,124040,Urban,1,1
760,1597.99,18.92,Restaurant,63,Female,151267,Urban,3,1
761,4295.3,6.56,Online,55,Male,161026,Rural,4,1
762,2297.93,21.29,Online,67,Male,180257,Urban,3,1
763,2228.49,3.97,Online,55,Male,39208,Suburban,5,1
764,1687.15,15.98,Restaurant,22,Male,26507,Rural,1,1
765,4404.58,2.02,Restaurant,52,Female,118973,Suburban,2,0
766,4725.68,23.37,Restaurant,40,Female,158800,Urban,2,1
767,4959.53,16.82,Restaurant,78,Male,41692,Rural,0,1
768,1889.94,20.2,Online,76,Female,97564,Rural,0,1
769,4831.08,13.6,Restaurant,67,Male,26509,Suburban,2,0
770,3961.48,11.44,Travel,48,Female,183484,Rural,3,1
771,3381.69,14.93,Travel,77,Female,158320,Suburban,5,0
772,1232,12.69,Retail,51,Male,95491,Rural,3,0
773,1090.12,11.27,Online,45,Female,138872,Rural,3,1
774,838.58,18.23,Retail,25,Male,187302,Urban,3,1
775,4614.56,4.28,Restaurant,31,Male,194354,Urban,1,0
776,1477.44,4.11,Retail,43,Female,131928,Urban,2,1
777,2270.94,10.36,Online,55,Male,82113,Urban,4,1
778,2474.85,7.7,Online,49,Male,81436,Suburban,2,1
779,3893.08,1.78,Travel,54,Male,180914,Rural,0,1
780,4222.73,20.27,Online,76,Male,112649,Rural,5,1
781,703.97,18.52,Retail,67,Female,127195,Urban,3,1
782,2140.25,13.05,Online,65,Female,154695,Rural,5,1
783,4215.85,23.5,Online,71,Female,169144,Urban,5,1
784,4091.99,1.74,Retail,57,Female,35856,Urban,2,1
785,521.04,18.4,Restaurant,26,Female,195457,Rural,3,1
786,790.35,6.39,Online,36,Male,159519,Urban,5,1
787,1527.95,8.85,Restaurant,38,Female,34769,Suburban,3,1
788,386.04,5.26,Restaurant,43,Female,115585,Urban,1,1
789,2129.07,18.94,Online,57,Female,178258,Urban,1,1
790,547.01,3.46,Retail,47,Male,24824,Suburban,3,0
791,2845.41,20.16,Restaurant,20,Male,160687,Urban,2,1
792,1240.32,15.88,Travel,58,Female,185102,Urban,5,1
793,2986.2,1.42,Retail,68,Female,35527,Urban,4,0
794,596.45,19.46,Online,35,Female,145254,Suburban,1,1
795,4879.66,15.07,Online,58,Female,145757,Urban,4,1
796,4663.48,21.72,Online,57,Male,102321,Urban,4,1
797,1965.07,17.97,Online,51,Male,77224,Rural,3,1
798,1218.47,13.47,Online,21,Female,110223,Suburban,1,1
799,1259.49,20.08,Travel,44,Female,54241,Suburban,3,1
800,2422.13,6.67,Online,71,Female,157863,Suburban,1,1
801,209.56,13.13,Retail,65,Male,100552,Urban,0,1
802,3202.13,7.05,Online,42,Female,164456,Suburban,2,1
803,2047.43,23.24,Travel,67,Female,164756,Suburban,5,1
804,1893.26,5.43,Restaurant,48,Male,68256,Urban,0,0
805,4048.73,0.38,Restaurant,69,Male,66633,Rural,5,1
806,3548.09,7.82,Online,75,Female,156066,Suburban,2,1
807,4772.13,12.06,Travel,19,Female,38902,Suburban,2,1
808,1766.16,0.68,Retail,60,Female,22428,Suburban,2,0
809,4488.74,13.42,Online,36,Female,188458,Suburban,1,1
810,3852.14,20.98,Online,25,Male,22014,Urban,1,1
811,1793.55,16.91,Online,61,Male,184744,Suburban,2,1
812,3112.11,14.95,Online,23,Female,97431,Urban,0,0
813,1449.96,22.94,Retail,76,Male,67673,Urban,4,1
814,4373.26,23,Travel,58,Female,132963,Rural,5,1
815,571.01,19.78,Travel,55,Female,186085,Suburban,2,1
816,1070.05,14.59,Restaurant,37,Female,169787,Suburban,4,1
817,923.34,11.71,Restaurant,52,Male,22266,Suburban,5,1
818,2021.1,0.32,Restaurant,39,Male,82860,Rural,0,0
819,3728.71,14.55,Restaurant,54,Male,179040,Suburban,4,1
820,2639.27,23.74,Restaurant,42,Male,34339,Urban,1,0
821,2443.5,19.63,Restaurant,48,Male,87168,Suburban,0,1
822,12.72,8.17,Retail,19,Female,59464,Rural,1,0
823,2132.75,3.65,Online,18,Male,141876,Suburban,4,1
824,327.13,18.82,Retail,42,Female,95534,Rural,3,0
825,1049.18,17.85,Retail,63,Female,154680,Suburban,0,1
826,4662.65,23.21,Retail,65,Male,178531,Rural,5,1
827,1084.84,21,Travel,74,Male,41792,Suburban,3,0
828,4293.1,13.34,Retail,22,Female,72553,Suburban,2,1
829,4016.44,2.43,Travel,18,Female,193382,Rural,3,1
830,804.14,11.6,Retail,54,Female,48739,Suburban,1,0
831,3032.5,7.53,Retail,78,Female,167258,Rural,1,1
832,587.15,12.3,Travel,68,Male,72636,Suburban,4,1
833,3642.16,7.24,Online,73,Male,91171,Urban,4,1
834,3190.94,20.68,Retail,38,Female,43776,Rural,2,1
835,4061.57,20.26,Retail,22,Female,156614,Rural,1,1
836,2402.13,7.57,Restaurant,23,Female,24716,Suburban,0,1
837,4575.17,14.39,Restaurant,79,Female,172565,Urban,5,0
838,256.25,10.32,Online,32,Female,67858,Rural,5,0
839,1471.51,21.82,Travel,40,Female,134689,Urban,2,0
840,3578.11,4.5,Retail,33,Male,29361,Rural,3,1
841,2096.36,16.75,Restaurant,37,Female,182056,Suburban,0,1
842,873.03,23.29,Retail,30,Male,183145,Urban,2,1
843,544.98,4.21,Restaurant,79,Male,135124,Urban,3,1
844,4088.52,4.85,Travel,57,Female,50605,Rural,0,0
845,2370.98,16.65,Travel,50,Male,190864,Urban,4,1
846,4412.6,18.7,Restaurant,75,Female,81993,Suburban,1,0
847,3669.11,11.77,Restaurant,48,Male,182367,Urban,3,1
848,2054.53,14.63,Restaurant,38,Female,62948,Urban,1,0
849,1873.82,5.1,Retail,38,Female,131687,Suburban,3,1
850,2583.04,11.44,Travel,76,Female,53861,Urban,1,1
851,4446.41,2.69,Online,23,Male,109703,Urban,5,1
852,3689.02,7.71,Restaurant,28,Female,63668,Suburban,3,1
853,35.71,6.83,Restaurant,42,Female,64867,Suburban,1,0
854,3473.85,10.67,Online,29,Male,68577,Urban,5,1
855,4598.34,22.32,Retail,39,Female,92905,Suburban,4,1
856,3555.17,4.35,Restaurant,78,Male,188282,Urban,1,1
857,893.26,9.63,Online,24,Male,63176,Rural,5,1
858,2422.76,14.77,Retail,19,Male,171920,Rural,3,1
859,710.18,22.72,Retail,70,Male,155526,Urban,5,1
860,1801.39,3.2,Travel,31,Female,137678,Urban,5,1
861,4686.21,22.03,Travel,33,Male,133996,Urban,1,1
862,4617.29,1.95,Retail,65,Female,165478,Suburban,1,1
863,1421.36,11.54,Retail,61,Male,116672,Urban,2,0
864,1704.76,10.91,Retail,39,Male,187628,Suburban,3,1
865,3005.06,5.03,Restaurant,21,Female,39798,Suburban,5,0
866,4816.35,8.34,Restaurant,47,Female,23092,Urban,1,0
867,747.53,10.9,Retail,27,Male,97933,Rural,3,1
868,1292.01,20.77,Online,72,Female,116161,Urban,2,1
869,4369.05,22.92,Retail,42,Female,167360,Rural,3,1
870,2464.54,12.45,Restaurant,73,Female,94505,Suburban,3,1
871,4495.82,20.88,Online,54,Male,129755,Rural,3,1
872,935.73,14.6,Restaurant,78,Male,81439,Urban,0,0
873,2668.02,8.38,Restaurant,76,Male,53513,Rural,1,0
874,1638.09,4.66,Online,73,Female,187487,Rural,0,1
875,1589.55,9.92,Retail,74,Female,75358,Urban,1,0
876,2239.92,12.55,Retail,67,Male,79676,Rural,1,0
877,2171.06,1.07,Restaurant,38,Male,58359,Urban,2,0
878,1793.16,3.5,Online,55,Male,116071,Urban,0,1
879,4575.7,14.4,Online,71,Male,90014,Rural,0,0
880,3661.4,5.4,Restaurant,79,Male,156703,Rural,4,1
881,3640.46,20.1,Online,64,Male,80019,Rural,2,1
882,1456.67,7.85,Restaurant,37,Female,79788,Rural,5,1
883,2892.77,2.52,Online,58,Female,161028,Rural,1,1
884,3898.11,2,Retail,21,Male,126605,Urban,1,1
885,3980,22.49,Restaurant,55,Female,133229,Rural,4,1
886,1729.21,2.83,Travel,21,Female,72503,Urban,1,1
887,3856.66,3.38,Online,38,Female,117150,Rural,0,1
888,3682.11,20.7,Online,56,Male,37657,Rural,5,1
889,716.12,6.1,Travel,48,Female,128745,Rural,4,1
890,4331.07,15.98,Online,51,Female,134919,Rural,4,1
891,2212.19,19.6,Restaurant,43,Female,189854,Suburban,1,1
892,2437.19,14.57,Online,59,Female,159275,Suburban,1,1
893,2247.36,22.98,Online,62,Female,36190,Rural,4,1
894,2843.55,17.01,Online,73,Male,102138,Suburban,5,1
895,3109.63,2.71,Travel,40,Male,29611,Suburban,0,0
896,2495.92,13.4,Restaurant,55,Male,141695,Urban,1,1
897,4335.27,17.24,Restaurant,20,Female,134480,Suburban,1,1
898,3142.4,19.25,Travel,75,Female,43866,Urban,4,0
899,2013.13,0.63,Travel,45,Female,124523,Rural,2,0
900,2089.29,17.25,Retail,64,Male,56993,Rural,5,1
901,4056.08,19.82,Restaurant,69,Male,186809,Rural,0,1
902,1747.48,17.92,Restaurant,55,Male,59198,Suburban,1,0
903,1065.16,12.3,Restaurant,76,Female,84929,Rural,5,1
904,306.32,10.99,Retail,74,Male,155985,Urban,1,1
905,4381.37,13.19,Retail,46,Female,25000,Suburban,2,0
906,4593.55,16.91,Online,78,Female,188256,Suburban,1,1
907,609.4,22.15,Travel,53,Female,62654,Urban,3,1
908,1679.02,14.81,Travel,65,Male,25990,Suburban,5,0
909,885.11,21.31,Restaurant,51,Female,35828,Suburban,4,1
910,588.33,16.83,Online,43,Male,58678,Urban,1,0
911,4500.34,1.64,Online,72,Male,108362,Rural,5,1
912,293.82,12.02,Online,28,Male,115536,Suburban,3,1
913,4902.62,6.88,Restaurant,57,Male,114166,Urban,1,1
914,491.29,6.84,Restaurant,26,Male,114313,Suburban,4,1
915,4318.72,8.54,Retail,35,Female,165428,Urban,3,1
916,2836.87,7.55,Travel,43,Male,140747,Suburban,3,1
917,1845.91,13.89,Retail,25,Female,80807,Rural,4,1
918,1718.29,16.41,Online,69,Male,129249,Urban,2,1
919,3789.25,6.45,Online,47,Male,176792,Rural,2,1
920,1579.72,3.11,Travel,57,Male,192461,Urban,4,1
921,3290.02,1.41,Restaurant,59,Female,180286,Suburban,1,1
922,2591.46,13.82,Retail,38,Male,36012,Suburban,0,0
923,2429.98,4.47,Travel,51,Male,193509,Suburban,1,1
924,4506.8,0.22,Online,67,Female,173797,Suburban,3,1
925,2777.68,22.27,Online,74,Female,129584,Urban,0,1
926,4136.04,12.89,Travel,78,Female,144286,Urban,3,1
927,3630.61,2.22,Retail,28,Male,20535,Suburban,3,1
928,202.4,20.23,Restaurant,30,Male,193224,Rural,4,1
929,3867.82,23.6,Online,65,Male,158661,Suburban,5,1
930,1092.18,10.77,Restaurant,20,Female,148367,Rural,2,1
931,4516.72,1.02,Online,50,Male,21968,Urban,2,1
932,224.19,2.82,Restaurant,42,Female,153927,Urban,2,1
933,1672.03,9.16,Online,71,Female,156808,Suburban,2,1
934,507.67,21.25,Online,23,Male,158234,Suburban,0,0
935,2383.19,3.55,Travel,37,Male,60624,Suburban,2,0
936,4101.91,19.78,Online,18,Male,75433,Urban,4,1
937,1497.95,0.36,Restaurant,35,Female,94492,Suburban,1,0
938,763.17,10.98,Retail,41,Female,82517,Suburban,3,0
939,1658.03,15.47,Travel,64,Female,196894,Rural,1,1
940,4071.26,1.45,Restaurant,38,Female,149412,Urban,0,1
941,710.52,14.75,Travel,76,Male,125507,Suburban,4,1
942,1144.54,22.67,Restaurant,54,Female,170790,Rural,3,1
943,353.57,3.85,Travel,54,Male,115785,Rural,0,1
944,3531.49,17.51,Restaurant,30,Female,176575,Suburban,5,1
945,1982.21,14.62,Online,62,Male,21241,Urban,4,1
946,1561.09,4.44,Travel,54,Female,186126,Rural,3,1
947,3595.95,0.15,Online,33,Female,138157,Urban,2,1
948,1686.53,0.22,Travel,55,Male,34241,Rural,3,1
949,3641.58,12.77,Travel,72,Male,20111,Rural,0,0
950,4077.84,22.63,Restaurant,42,Male,177249,Urban,0,1
951,1096.14,15.46,Restaurant,63,Male,118905,Rural,5,1
952,4869.36,17.14,Online,70,Female,73802,Suburban,3,1
953,820.17,11.85,Travel,38,Female,145078,Suburban,4,1
954,1461.3,13.97,Retail,76,Female,181745,Rural,4,1
955,907.18,3.03,Online,78,Female,62819,Suburban,2,1
956,1734.07,21.04,Travel,25,Male,62131,Urban,0,0
957,2405.5,18.26,Travel,64,Female,117070,Urban,2,1
958,2615.66,23.96,Travel,41,Female,88893,Suburban,2,0
959,4269.49,7.15,Online,38,Female,86294,Suburban,4,1
960,4448.35,5.45,Restaurant,23,Female,87028,Suburban,5,1
961,1108.32,3,Travel,25,Female,114573,Urban,2,1
962,3118.24,23.14,Restaurant,54,Female,129470,Rural,1,1
963,566.37,18.74,Online,65,Male,21708,Suburban,2,0
964,2300.26,3.99,Restaurant,27,Male,185327,Suburban,2,1
965,1618.44,13.26,Online,23,Female,44572,Urban,5,1
966,1589.34,9.93,Retail,43,Male,153075,Rural,0,0
967,2418.1,3.64,Restaurant,51,Male,170437,Urban,3,1
968,3651.84,3.89,Retail,38,Male,86880,Suburban,2,1
969,355.22,23.12,Online,18,Male,128049,Urban,2,1
970,4397.07,7.32,Retail,51,Female,82097,Rural,3,0
971,3676.72,22.59,Restaurant,37,Male,149009,Urban,0,1
972,890.73,1.81,Retail,27,Female,160711,Urban,5,1
973,4696.41,11.06,Restaurant,20,Male,196744,Rural,5,0
974,2536.5,3.11,Retail,34,Female,25394,Suburban,5,1
975,4999.04,0.11,Restaurant,41,Female,183205,Urban,0,1
976,994.32,13.29,Online,79,Male,36226,Urban,5,1
977,2679.19,2.73,Retail,76,Male,31776,Rural,1,0
978,1458.34,17.33,Retail,68,Female,141379,Suburban,4,1
979,1527.83,16.75,Travel,43,Female,23677,Rural,0,0
980,2959.42,4.23,Retail,76,Male,49121,Suburban,0,0
981,4609.38,22.6,Travel,60,Female,175180,Suburban,1,1
982,4028.27,17.31,Restaurant,34,Female,109798,Urban,3,1
983,3622.47,7.15,Travel,35,Female,169725,Suburban,5,1
984,2800.28,17.02,Retail,58,Female,167329,Suburban,0,1
985,4612.27,17.57,Retail,78,Male,186160,Urban,0,0
986,2466.88,8.21,Travel,35,Female,195298,Urban,2,0
987,4370.42,9.01,Restaurant,76,Female,56202,Suburban,4,0
988,4171.57,8.62,Restaurant,79,Male,52792,Suburban,3,0
989,1077.04,14.8,Travel,67,Female,84325,Suburban,2,0
990,3858.42,21.61,Retail,55,Male,163765,Rural,4,1
991,70.73,4.16,Retail,59,Male,152616,Urban,3,0
992,1620.92,21,Restaurant,56,Male,110824,Suburban,5,1
993,1155.54,0.66,Retail,30,Male,131905,Suburban,4,1
994,2539.25,15.85,Retail,24,Male,65125,Urban,3,1
995,3686.9,9.95,Travel,65,Female,54400,Suburban,0,1
996,497.41,18.99,Travel,42,Male,106827,Suburban,3,1
997,2579.46,17.31,Online,51,Female,30611,Suburban,5,1
998,4692.68,11.52,Travel,32,Male,49070,Suburban,1,1
999,1150.95,15.45,Online,23,Male,95100,Rural,5,1
1000,3388.93,12.04,Travel,27,Male,158704,Suburban,5,1
